Timestamp,/RealOutputs/ToF/Distance,/RealOutputs/ToF/Distance/0,/RealOutputs/ToF/Distance/1,/RealOutputs/ToF/Distance/length,/RealOutputs/ToF/FPGA,/RealOutputs/ToF/NT_Delta,/RealOutputs/ToF/NT_Time,/RealOutputs/ToF/Timestamps,/RealOutputs/ToF/Timestamps/0,/RealOutputs/ToF/Timestamps/1,/RealOutputs/ToF/Timestamps/2,/RealOutputs/ToF/Timestamps/length,/RealOutputs/Drive/LeftPositionMeters,/RealOutputs/Drive/LeftVelocityMetersPerSec,/RealOutputs/Drive/RightPositionMeters,/RealOutputs/Drive/RightVelocityMetersPerSec,/RealOutputs/Odometry/Robot,/RealOutputs/Odometry/Robot/rotation/value,/RealOutputs/Odometry/Robot/translation/x,/RealOutputs/Odometry/Robot/translation/y,,,
108.009723,628,800,628,800,2,108.010465,0.0181630000000013,107.992302,485.969207763672,485.989227294922,486.00927734375,485.969207763672,485.989227294922,486.00927734375,3,6.18264245986939,-0.00526848342269659,4.53765726089478,-0.00526926526799798,33-f0-8b-10-04-8e-03-40-aa-6a-9a-4a-de-b4-fe-bf-61-bb-78-f9-00-e7-08-c0,-3.11279482745833,2.44434369017656,-1.91915730611678
108.029702,626,726,626,726,2,108.030703,-0.00163999999999476,108.032343,486.009338378906,486.029357910156,486.049346923828,486.009338378906,486.029357910156,486.049346923828,3,6.17869186401367,-0.0210739560425282,4.5350227355957,-0.00526926526799798,db-5b-50-99-c1-94-03-40-2e-50-73-e1-7a-b4-fe-bf-61-bb-78-f9-00-e7-08-c0,-3.11279482745833,2.44763488556371,-1.91906250063495
108.049754,626,726,626,726,2,108.050404,0.018061000000003,108.032343,486.009338378906,486.029357910156,486.049346923828,486.009338378906,486.029357910156,486.049346923828,3,6.17210674285889,-0.0210739560425282,4.52711915969849,-0.0210747364908457,0a-58-99-28-96-a3-03-40-15-17-53-d1-a0-b3-fe-bf-03-2e-04-6e-5c-e7-08-c0,-3.11296926450973,2.45487624853104,-1.91885453956042
108.069696,627,730,627,730,2,108.070642,-0.00174899999998956,108.072391,486.049377441406,486.069366455078,486.089385986328,486.049377441406,486.069366455078,486.089385986328,3,6.1642050743103,-0.0684903711080551,4.51921558380127,-0.0684911534190178,4c-77-c4-b8-c3-b3-03-40-a1-80-81-62-b4-b2-fe-bf-a6-a0-8f-e2-b7-e7-08-c0,-3.11314370156113,2.46277565335814,-1.91862905958991
108.089822,627,730,627,730,2,108.09049,0.0180990000000065,108.072391,486.049377441406,486.069366455078,486.089385986328,486.049377441406,486.069366455078,486.089385986328,3,6.15366935729981,-0.0684903711080551,4.50867795944214,-0.0684911534190178,f7-ef-05-c0-55-c9-03-40-7a-0e-db-12-7b-b1-fe-bf-8e-a0-d9-7a-13-e8-08-c0,-3.11331840492864,2.47330808656806,-1.91833026280884
108.109819,632,790,632,790,2,108.110877,-0.00153500000000406,108.112412,486.089416503906,486.109436035156,486.129425048828,486.089416503906,486.109436035156,486.129425048828,3,6.14181709289551,-0.131712257862091,4.49682235717773,-0.131713032722473,cf-c5-d0-2f-9a-e1-03-40-64-05-6b-ee-1e-b0-fe-bf-ba-85-3a-fc-25-e9-08-c0,-3.11384198239895,2.48515736919283,-1.91799824840594
108.129723,632,790,632,790,2,108.130502,0.0180900000000008,108.112412,486.089416503906,486.109436035156,486.129425048828,486.089416503906,486.109436035156,486.129425048828,3,6.12996435165405,-0.205471113324165,4.48364973068237,-0.216008886694908,e4-21-4a-f1-37-fb-03-40-20-4e-c7-29-b5-ae-fe-bf-00-6b-51-e5-dc-e9-08-c0,-3.11419085650175,2.49766529567227,-1.91765323943844
108.149998,627,737,627,737,2,108.150536,-0.00187599999999577,108.152412,486.129455566406,486.149444580078,486.16943359375,486.129455566406,486.149444580078,486.16943359375,3,6.11811208724976,-0.205471113324165,4.47179460525513,-0.216008886694908,34-5d-5f-67-7c-13-04-40-94-b6-99-de-63-ad-fe-bf-72-dd-70-8a-ef-ea-08-c0,-3.11471470028817,2.50951462516573,-1.91733157113359
108.169717,627,737,627,737,2,108.170385,0.0179729999999978,108.152412,486.129455566406,486.149444580078,486.16943359375,486.129455566406,486.149444580078,486.16943359375,3,6.10757637023926,-0.27922996878624,4.45993947982788,-0.289767742156982,39-65-24-f3-67-2a-04-40-8e-b1-de-73-2b-ac-fe-bf-9e-c2-d1-0b-02-ec-08-c0,-3.11523827775848,2.52070608095951,-1.91703362714461
108.189714,627,737,627,737,2,108.190308,0.0378960000000035,108.152412,486.129455566406,486.149444580078,486.16943359375,486.129455566406,486.149444580078,486.16943359375,3,6.09572410583496,-0.347720324993134,4.44808435440064,-0.363526612520218,30-10-2b-99-ac-42-04-40-61-0e-5d-41-e8-aa-fe-bf-6e-1a-be-01-70-ed-08-c0,-3.11593629228019,2.53255576765698,-1.91672540218942
108.209804,630,737,630,737,2,108.210342,0.0161949999999962,108.194147,486.16943359375,486.191101074219,486.211120605469,486.16943359375,486.191101074219,486.211120605469,3,6.08387088775635,-0.347720324993134,4.43622875213623,-0.363526612520218,da-61-a8-bb-f1-5a-04-40-42-67-bd-b6-ad-a9-fe-bf-82-ff-68-1b-de-ee-08-c0,-3.11663457311801,2.54440638167965,-1.91642543204075
108.229745,630,737,630,737,2,108.230301,0.0361539999999962,108.194147,486.16943359375,486.191101074219,486.211120605469,486.16943359375,486.191101074219,486.211120605469,3,6.07070159912109,-0.421479195356369,4.42305612564087,-0.442553997039795,b7-4e-5c-04-e9-75-04-40-38-85-dd-e0-59-a8-fe-bf-52-57-55-11-4c-f0-08-c0,-3.11733258763972,2.55757335097027,-1.91610133970273
108.249742,624,712,624,712,2,108.25028,0.0160840000000064,108.234196,486.211181640625,486.231201171875,486.251190185547,486.211181640625,486.231201171875,486.251190185547,3,6.05753231048584,-0.500506579875946,4.40988397598267,-0.442553997039795,f7-df-53-47-e0-90-04-40-e1-91-63-7b-0e-a7-fe-bf-7f-3c-b6-92-5e-f1-08-c0,-3.11785616511003,2.57074027752605,-1.91578529547507
108.26998,624,712,624,712,2,108.270518,0.0363219999999984,108.234196,486.211181640625,486.231201171875,486.251190185547,486.211181640625,486.231201171875,486.251190185547,3,6.04304552078247,-0.500506579875946,4.39539384841919,-0.516312837600708,69-dc-87-4f-8a-ae-04-40-5b-d9-98-e1-a9-a5-fe-bf-ac-21-17-14-71-f2-08-c0,-3.11837974258034,2.58522474416127,-1.91544521449904
108.289773,627,785,627,785,2,108.290682,0.0164699999999982,108.274212,486.251220703125,486.271240234375,486.291229248047,486.251220703125,486.271240234375,486.291229248047,3,6.02855920791626,-0.574265420436859,4.38090419769287,-0.590071737766266,77-dd-7e-2b-34-cc-04-40-56-74-63-eb-4b-a4-fe-bf-36-94-ec-20-28-f3-08-c0,-3.11872888299925,2.59970888119613,-1.9151114649642
108.309714,627,785,627,785,2,108.310289,0.0360769999999917,108.274212,486.251220703125,486.271240234375,486.291229248047,486.251220703125,486.271240234375,486.291229248047,3,6.01538991928101,-0.61114490032196,4.36641454696655,-0.590071737766266,a8-31-bb-ed-84-e8-04-40-d8-13-0b-ed-02-a3-fe-bf-c0-06-c2-2d-df-f3-08-c0,-3.11907802341815,2.61353479125519,-1.91479771227863
108.329822,625,870,625,870,2,108.330471,0.0146680000000003,108.315803,486.291229248047,486.312835693359,486.332824707031,486.291229248047,486.312835693359,486.332824707031,3,6.00090312957764,-0.61114490032196,4.35324192047119,-0.632219672203064,6f-91-4a-d7-d5-04-05-40-f6-d9-26-75-bc-a1-fe-bf-c0-06-c2-2d-df-f3-08-c0,-3.11907802341815,2.62736099430383,-1.91448636782081
108.349745,625,870,625,870,2,108.350338,0.0345349999999911,108.315803,486.291229248047,486.312835693359,486.332824707031,486.291229248047,486.312835693359,486.332824707031,3,5.98641681671143,-0.637487351894379,4.33875226974487,-0.653293669223785,03-74-44-ce-7f-22-05-40-13-41-49-c6-67-a0-fe-bf-63-79-4d-a2-3a-f4-08-c0,-3.11925246046956,2.64184533258822,-1.91416146712806
108.369835,625,1111,625,1111,2,108.370391,0.014560000000003,108.355831,486.332824707031,486.352844238281,486.372833251953,486.332824707031,486.352844238281,486.372833251953,3,5.97324752807617,-0.637487351894379,4.32557964324951,-0.653293669223785,cf-b3-26-75-77-3d-05-40-bb-08-f1-43-33-9f-fe-bf-63-79-4d-a2-3a-f4-08-c0,-3.11925246046956,2.65501300358162,-1.91386724986709
108.38985,625,1111,625,1111,2,108.390406,0.0345750000000038,108.355831,486.332824707031,486.352844238281,486.372833251953,486.332824707031,486.352844238281,486.372833251953,3,5.95876121520996,-0.648024380207062,4.31108999252319,-0.658562123775482,60-fd-ec-6f-21-5b-05-40-48-fd-30-e8-df-9d-fe-bf-63-79-4d-a2-3a-f4-08-c0,-3.11925246046956,2.66949737016664,-1.9135436124778
108.409736,620,890,620,890,2,108.410403,0.0145580000000081,108.395845,486.372863769531,486.392883300781,486.412841796875,486.372863769531,486.392883300781,486.412841796875,3,5.94559144973755,-0.663829863071442,4.29791736602783,-0.674367666244507,1e-2c-59-33-19-76-05-40-72-8c-1f-30-aa-9c-fe-bf-c0-06-c2-2d-df-f3-08-c0,-3.11907802341815,2.68266525379069,-1.91324824140682
108.429918,620,890,620,890,2,108.430456,0.0346110000000124,108.395845,486.372863769531,486.392883300781,486.412841796875,486.372863769531,486.392883300781,486.412841796875,3,5.93110466003418,-0.663829863071442,4.28474473953247,-0.674367666244507,a1-aa-3f-19-6a-92-05-40-6b-06-08-74-62-9b-fe-bf-d9-06-78-95-83-f3-08-c0,-3.11890332005065,2.69649142957253,-1.91293568920846
108.449692,619,1006,619,1006,2,108.450286,0.0128530000000069,108.437433,486.412872314453,486.434448242188,486.454437255859,486.412872314453,486.434448242188,486.454437255859,3,5.91793537139893,-0.679635345935822,4.27157258987427,-0.679636120796204,8a-e8-3e-92-61-ad-05-40-11-28-0c-21-29-9a-fe-bf-d9-06-78-95-83-f3-08-c0,-3.11890332005065,2.70965875868302,-1.91263688000845
108.469708,619,1006,619,1006,2,108.470301,0.0328680000000077,108.437433,486.412872314453,486.434448242188,486.454437255859,486.412872314453,486.434448242188,486.454437255859,3,5.90476608276367,-0.690172374248505,4.25708246231079,-0.679636120796204,0e-67-25-78-b2-c9-05-40-28-a2-f4-64-e1-98-fe-bf-c0-06-c2-2d-df-f3-08-c0,-3.11907802341815,2.72348493446487,-1.91232432781011
108.489779,624,804,624,804,2,108.490484,0.0130369999999971,108.477447,486.454467773438,486.474456787109,486.494445800781,486.454467773438,486.474456787109,486.494445800781,3,5.89159631729126,-0.690172374248505,4.24390983581543,-0.684904634952545,25-50-03-3f-aa-e4-05-40-53-86-2e-e1-ac-97-fe-bf-06-ec-d8-16-96-f4-08-c0,-3.11942689752096,2.73665284375058,-1.91203010522476
108.510054,624,804,624,804,2,108.510573,0.0331259999999958,108.477447,486.454467773438,486.474456787109,486.494445800781,486.454467773438,486.474456787109,486.494445800781,3,5.87711000442505,-0.690172374248505,4.23073768615723,-0.690173149108887,94-cf-32-fe-fa-00-06-40-7d-b6-d9-02-6e-96-fe-bf-90-5e-ae-23-4d-f5-08-c0,-3.11977603793986,2.75047873108447,-1.91172600854352
108.530069,619,789,619,789,2,108.530793,0.0133340000000004,108.517459,486.494476318359,486.514495849609,486.534484863281,486.494476318359,486.514495849609,486.534484863281,3,5.86394023895264,-0.684903860092163,4.21756505966187,-0.690173149108887,6f-0f-82-d9-f2-1b-06-40-5b-3b-cb-b9-40-95-fe-bf-90-5e-ae-23-4d-f5-08-c0,-3.11977603793986,2.76364679268038,-1.91143868041737
108.549732,619,789,619,789,2,108.550493,0.0330340000000007,108.517459,486.494476318359,486.514495849609,486.534484863281,486.494476318359,486.514495849609,486.534484863281,3,5.85077047348023,-0.684903860092163,4.2043924331665,-0.684904634952545,4a-4f-d1-b4-ea-36-06-40-39-c0-bc-70-13-94-fe-bf-90-5e-ae-23-4d-f5-08-c0,-3.11977603793986,2.7768148542763,-1.91115135229121
108.569859,620,905,620,905,2,108.570397,0.011343999999994,108.559053,486.534484863281,486.556060791016,486.576049804688,486.534484863281,486.556060791016,486.576049804688,3,5.83760118484497,-0.684903860092163,4.1912202835083,-0.679636120796204,d4-20-c5-4c-e2-51-06-40-24-d0-2f-f6-e4-92-fe-bf-ed-eb-22-af-f1-f4-08-c0,-3.11960160088846,2.78998241402233,-1.91086288611133
108.589856,620,905,620,905,2,108.590394,0.0313409999999976,108.559053,486.534484863281,486.556060791016,486.576049804688,486.534484863281,486.556060791016,486.576049804688,3,5.82443189620972,-0.684903860092163,4.17804765701294,-0.679636120796204,9e-f4-82-fa-d9-6c-06-40-01-4d-e4-dc-b2-91-fe-bf-63-79-4d-a2-3a-f4-08-c0,-3.11925246046956,2.80315013610978,-1.9105709675394
108.609742,622,768,622,768,2,108.610539,0.011453000000003,108.599086,486.576080322266,486.596099853516,486.616088867188,486.576080322266,486.596099853516,486.616088867188,3,5.81126260757446,-0.679635345935822,4.16487503051758,-0.674367666244507,c3-32-f1-9d-d1-87-06-40-aa-47-42-26-7d-90-fe-bf-c0-06-c2-2d-df-f3-08-c0,-3.11907802341815,2.81631778137521,-1.91027560181508
108.630035,622,768,622,768,2,108.63061,0.0315240000000046,108.599086,486.576080322266,486.596099853516,486.616088867188,486.576080322266,486.596099853516,486.616088867188,3,5.79809284210205,-0.67436683177948,4.15170288085938,-0.669099152088165,97-66-ed-36-c9-a2-06-40-ca-4b-4b-d2-43-8f-fe-bf-36-94-ec-20-28-f3-08-c0,-3.11872888299925,2.82948534881582,-1.90997678896086
108.649698,624,738,624,738,2,108.650348,0.0112599999999929,108.639088,486.616119384766,486.636108398438,486.656097412109,486.616119384766,486.636108398438,486.656097412109,3,5.7849235534668,-0.67436683177948,4.13853025436401,-0.669099152088165,06-ac-e4-c8-c0-bd-06-40-de-76-49-15-08-8e-fe-bf-36-94-ec-20-28-f3-08-c0,-3.11872888299925,2.84265286395885,-1.90967567744467
108.669807,624,738,624,738,2,108.670363,0.0312749999999937,108.639088,486.616119384766,486.636108398438,486.656097412109,486.616119384766,486.636108398438,486.656097412109,3,5.77175378799439,-0.669098377227783,4.12535762786865,-0.658562123775482,dd-bb-4f-77-b8-d8-06-40-b7-47-0e-22-cb-8c-fe-bf-4f-94-a2-88-cc-f2-08-c0,-3.11855417963174,2.85582059108809,-1.9093734102539
108.689711,639,800,639,800,2,108.690267,0.00959300000000951,108.680674,486.656127929688,486.677703857422,486.697692871094,486.656127929688,486.677703857422,486.697692871094,3,5.75858449935913,-0.663829863071442,4.11218500137329,-0.663830637931824,93-99-30-02-b0-f3-06-40-8f-d8-89-fb-8c-8b-fe-bf-4f-94-a2-88-cc-f2-08-c0,-3.11855417963174,2.86898805342498,-1.90906999833308
108.709708,639,800,639,800,2,108.710246,0.0295720000000017,108.680674,486.656127929688,486.677703857422,486.697692871094,486.656127929688,486.677703857422,486.697692871094,3,5.74541473388672,-0.663829863071442,4.09901237487793,-0.663830637931824,e9-b6-7f-a9-a7-0e-07-40-d8-01-42-9f-4d-8a-fe-bf-ac-21-17-14-71-f2-08-c0,-3.11837974258034,2.88215572758678,-1.90876543245405
108.729742,690,711,690,711,2,108.730484,0.00981600000000071,108.720668,486.697692871094,486.717712402344,486.737670898438,486.697692871094,486.717712402344,486.737670898438,3,5.73224496841431,-0.663829863071442,4.08583974838257,-0.658562123775482,03-f5-3c-4d-9f-29-07-40-81-4c-b0-0e-0d-89-fe-bf-ac-21-17-14-71-f2-08-c0,-3.11837974258034,2.89532337515141,-1.90845971811066
108.74972,690,711,690,711,2,108.750258,0.0295899999999989,108.720668,486.697692871094,486.717712402344,486.737670898438,486.697692871094,486.717712402344,486.737670898438,3,5.71907567977905,-0.663829863071442,4.07266759872437,-0.658562123775482,98-2f-68-ad-96-44-07-40-1c-5d-d0-4c-cb-87-fe-bf-09-af-8b-9f-15-f2-08-c0,-3.11820530552894,2.90849051927757,-1.90815286641538
108.769828,701,689,701,689,2,108.770366,0.00970199999999011,108.760664,486.737701416016,486.757690429688,486.777679443359,486.737701416016,486.757690429688,486.777679443359,3,5.70590591430664,-0.663829863071442,4.05817794799805,-0.658562123775482,54-77-fd-6d-e7-60-07-40-42-cd-b7-e9-76-86-fe-bf-22-af-41-07-ba-f1-08-c0,-3.11803060216143,2.9223164170243,-1.90782824798664
108.789788,701,689,701,689,2,108.790307,0.029642999999993,108.760664,486.737701416016,486.757690429688,486.777679443359,486.737701416016,486.757690429688,486.777679443359,3,5.69141960144043,-0.663829863071442,4.04500532150269,-0.658562123775482,24-82-c5-0a-38-7d-07-40-69-ba-ef-43-21-85-fe-bf-22-af-41-07-ba-f1-08-c0,-3.11803060216143,2.93614204802749,-1.9075024274604
108.809711,759,688,759,688,2,108.810249,0.0095929999999953,108.800656,486.777679443359,486.797698974609,486.817657470703,486.777679443359,486.797698974609,486.817657470703,3,5.67825031280518,-0.663829863071442,4.03183269500732,-0.658562123775482,39-f4-c8-78-2f-98-07-40-93-54-3a-7a-d9-83-fe-bf-dc-c9-2a-1e-03-f1-08-c0,-3.11768172805863,2.94930929530395,-1.9071898245359
108.830487,759,688,759,688,2,108.831117,0.0304610000000025,108.800656,486.777679443359,486.797698974609,486.817657470703,486.777679443359,486.797698974609,486.817657470703,3,5.66508054733276,-0.663829863071442,4.01866006851196,-0.658562123775482,58-65-c0-fb-26-b3-07-40-ef-db-ad-11-8e-82-fe-bf-f5-c9-e0-85-a7-f0-08-c0,-3.11750702469112,2.96247669869323,-1.90687376886285
108.849946,883,651,883,651,2,108.850743,0.0100929999999977,108.84065,486.817687988281,486.837677001953,486.857666015625,486.817687988281,486.837677001953,486.857666015625,3,5.65191125869751,-0.663829863071442,4.00680494308472,-0.658562123775482,d4-40-20-11-c5-cc-07-40-7b-82-c2-f3-50-81-fe-bf-52-57-55-11-4c-f0-08-c0,-3.11733258763972,2.97498525027923,-1.90657134264634
108.869776,883,651,883,651,2,108.87087,0.0302199999999999,108.84065,486.817687988281,486.837677001953,486.857666015625,486.817687988281,486.837677001953,486.857666015625,3,5.6387414932251,-0.663829863071442,3.99363255500793,-0.658562123775482,e3-47-2f-75-bc-e7-07-40-03-1d-65-ba-00-80-fe-bf-af-e4-c9-9c-f0-ef-08-c0,-3.11715815058832,2.98815242338695,-1.90625069437539
108.889717,776,609,776,609,2,108.891182,0.0105140000000006,108.880668,486.857666015625,486.877685546875,486.897674560547,486.857666015625,486.877685546875,486.897674560547,3,5.62557220458984,-0.663829863071442,3.98045992851257,-0.658562123775482,10-56-b5-c1-b3-02-08-40-20-97-ca-18-ae-7e-fe-bf-c8-e4-7f-04-95-ef-08-c0,-3.11698344722081,3.00131942114491,-1.9059277504361
108.909751,776,609,776,609,2,108.911105,0.0304370000000063,108.880668,486.857666015625,486.877685546875,486.897674560547,486.857666015625,486.877685546875,486.897674560547,3,5.61240291595459,-0.663829863071442,3.96728730201721,-0.663830637931824,8b-f6-70-0a-ab-1d-08-40-2c-c5-71-42-5a-7d-fe-bf-c8-e4-7f-04-95-ef-08-c0,-3.11698344722081,3.01448639065967,-1.90560365633821
108.929692,808,620,808,620,2,108.930694,0.0100220000000064,108.920672,486.897705078125,486.917694091797,486.937683105469,486.897705078125,486.917694091797,486.937683105469,3,5.59923362731934,-0.663829863071442,3.95411515235901,-0.663830637931824,06-12-2f-33-a2-38-08-40-4c-1b-ac-6d-06-7c-fe-bf-c8-e4-7f-04-95-ef-08-c0,-3.11698344722081,3.02765312182806,-1.90527956810702
108.949689,808,620,808,620,2,108.950561,0.0298889999999972,108.920672,486.897705078125,486.917694091797,486.937683105469,486.897705078125,486.917694091797,486.937683105469,3,5.58606386184692,-0.669098377227783,3.94094228744507,-0.658562123775482,02-fa-e6-ab-99-53-08-40-3c-8d-f6-94-b2-7a-fe-bf-c8-e4-7f-04-95-ef-08-c0,-3.11698344722081,3.04082044886241,-1.90495546520908
108.969927,1033,588,1033,588,2,108.970947,0.0102759999999904,108.960671,486.937713623047,486.957702636719,486.977691650391,486.937713623047,486.957702636719,486.977691650391,3,5.57289409637451,-0.663829863071442,3.92776966094971,-0.658562123775482,7e-1f-a0-14-91-6e-08-40-35-93-0a-bd-5e-79-fe-bf-c8-e4-7f-04-95-ef-08-c0,-3.11698344722081,3.05398765672356,-1.9046313652445
108.989776,1033,588,1033,588,2,108.990406,0.0297349999999881,108.960671,486.937713623047,486.957702636719,486.977691650391,486.937713623047,486.957702636719,486.977691650391,3,5.55972480773926,-0.663829863071442,3.9145975112915,-0.663830637931824,e3-b4-90-39-88-89-08-40-09-c1-00-b4-09-78-fe-bf-25-72-f4-8f-39-ef-08-c0,-3.11680901016941,3.06715435955867,-1.90430612863207
109.009717,858,490,858,490,2,109.01083,0.0101379999999978,109.000692,486.977691650391,486.997711181641,487.017700195313,486.977691650391,486.997711181641,487.017700195313,3,5.54655504226685,-0.663829863071442,3.90142488479614,-0.658562123775482,c8-70-ac-9a-7f-a4-08-40-8a-dc-86-73-b3-76-fe-bf-25-72-f4-8f-39-ef-08-c0,-3.11680901016941,3.08032151068446,-1.90397973182351
109.029714,858,490,858,490,2,109.030326,0.0296340000000015,109.000692,486.977691650391,486.997711181641,487.017700195313,486.977691650391,486.997711181641,487.017700195313,3,5.53338575363159,-0.6585613489151,3.88825225830078,-0.658562123775482,b5-b0-ca-db-76-bf-08-40-8a-fb-a2-34-5d-75-fe-bf-25-72-f4-8f-39-ef-08-c0,-3.11680901016941,3.09348842346489,-1.90365334092323
109.049729,1068,460,1068,460,2,109.05062,0.00991700000000151,109.040703,487.017730712891,487.037719726563,487.057708740234,487.017730712891,487.037719726563,487.057708740234,3,5.52021598815918,-0.6585613489151,3.875079870224,-0.653293669223785,af-3f-13-29-6e-da-08-40-30-23-ae-c0-05-74-fe-bf-82-ff-68-1b-de-ee-08-c0,-3.11663457311801,3.10665542688363,-1.90332579866135
109.069726,1068,460,1068,460,2,109.070858,0.0301550000000077,109.040703,487.017730712891,487.037719726563,487.057708740234,487.017730712891,487.037719726563,487.057708740234,3,5.50704669952393,-0.6585613489151,3.86322450637817,-0.653293669223785,a9-82-00-23-0c-f4-08-40-df-5e-ed-e5-ba-72-fe-bf-11-8d-49-76-cb-ed-08-c0,-3.11611072933159,3.11916377396877,-1.90301027121853
109.089779,825,403,825,403,2,109.090817,0.00849700000000553,109.08232,487.057739257813,487.077728271484,487.099334716797,487.057739257813,487.077728271484,487.099334716797,3,5.49387693405151,-0.6585613489151,3.85005187988281,-0.653293669223785,b9-35-32-5d-03-0f-09-40-e0-69-d6-98-58-71-fe-bf-cb-a7-32-8d-14-ed-08-c0,-3.11576185522879,3.13233063516119,-1.9026723833291
109.109757,825,403,825,403,2,109.110703,0.0283830000000052,109.08232,487.057739257813,487.077728271484,487.099334716797,487.057739257813,487.077728271484,487.099334716797,3,5.48070764541626,-0.653292834758759,3.83687973022461,-0.653293669223785,be-19-73-43-fa-29-09-40-d8-ff-46-49-f0-6f-fe-bf-9e-c2-d1-0b-02-ec-08-c0,-3.11523827775848,3.14549687094697,-1.90232876419031
109.129772,812,380,812,380,2,109.130922,0.00859300000000474,109.122329,487.099334716797,487.119354248047,487.139343261719,487.099334716797,487.119354248047,487.139343261719,3,5.46753787994385,-0.6585613489151,3.82370710372925,-0.653293669223785,41-15-66-55-f1-44-09-40-dc-07-1d-f0-81-6e-fe-bf-14-50-fc-fe-4a-eb-08-c0,-3.11488913733957,3.15866343229087,-1.90197938722894
109.149806,812,380,812,380,2,109.15079,0.0284610000000072,109.122329,487.099334716797,487.119354248047,487.139343261719,487.099334716797,487.119354248047,487.139343261719,3,5.45436859130859,-0.6585613489151,3.81053423881531,-0.653293669223785,0b-b7-df-46-e8-5f-09-40-7c-b7-d2-c5-0e-6d-fe-bf-8a-dd-26-f2-93-ea-08-c0,-3.11453999692066,3.17182975168442,-1.90162541651395
109.169766,924,328,924,328,2,109.170434,0.00810500000000047,109.162329,487.139343261719,487.159362792969,487.179351806641,487.139343261719,487.159362792969,487.179351806641,3,5.44119930267334,-0.6585613489151,3.79867935180664,-0.648025155067444,75-9c-6e-c4-85-79-09-40-5d-07-88-74-a8-6b-fe-bf-5d-f8-c5-70-81-e9-08-c0,-3.11401641945035,3.18433717215117,-1.90128369827331
109.189763,924,328,924,328,2,109.190561,0.0282320000000027,109.162329,487.139343261719,487.159362792969,487.179351806641,487.139343261719,487.159362792969,487.179351806641,3,5.42934656143189,-0.653292834758759,3.78550672531128,-0.648025155067444,a3-fd-cb-7d-23-93-09-40-fb-ea-c2-65-3c-6a-fe-bf-d3-85-f0-63-ca-e8-08-c0,-3.11366727903144,3.19684503821164,-1.90093650579973
109.209723,900,288,900,288,2,109.210521,0.00498299999999574,109.205538,487.179351806641,487.199371337891,487.222534179688,487.179351806641,487.199371337891,487.222534179688,3,5.41617679595947,-0.653292834758759,3.77233409881592,-0.648025155067444,3d-5a-e7-43-1a-ae-09-40-89-3c-b1-5c-b8-68-fe-bf-8e-a0-d9-7a-13-e8-08-c0,-3.11331840492864,3.2100110344866,-1.90056644638006
109.22972,900,288,900,288,2,109.230295,0.0247569999999939,109.205538,487.179351806641,487.199371337891,487.222534179688,487.179351806641,487.199371337891,487.222534179688,3,5.40300750732422,-0.653292834758759,3.75916171073914,-0.648025155067444,7c-0b-59-d1-10-c9-09-40-40-db-d6-ed-31-67-fe-bf-8e-a0-d9-7a-13-e8-08-c0,-3.11331840492864,3.22317660859102,-1.90019410043688
109.249717,767,272,767,272,2,109.25031,0.00475400000000548,109.245556,487.222564697266,487.242584228516,487.262573242188,487.222564697266,487.242584228516,487.262573242188,3,5.38983821868897,-0.653292834758759,3.74598908424377,-0.648025155067444,9e-3c-69-6a-07-e4-09-40-d6-7d-5e-49-aa-65-fe-bf-a6-a0-8f-e2-b7-e7-08-c0,-3.11314370156113,3.23634226926477,-1.89982060108001
109.269714,767,272,767,272,2,109.270289,0.0247330000000119,109.245556,487.222564697266,487.242584228516,487.262573242188,487.222564697266,487.242584228516,487.262573242188,3,5.37666845321655,-0.653292834758759,3.73413372039795,-0.648025155067444,7c-3c-7b-ea-a4-fd-09-40-79-c1-cc-c9-32-64-fe-bf-61-bb-78-f9-00-e7-08-c0,-3.11279482745833,3.24884970844829,-1.89946249797876
109.28984,745,268,745,268,2,109.290415,0.00484799999999552,109.285567,487.262573242188,487.282592773438,487.302581787109,487.262573242188,487.282592773438,487.302581787109,3,5.3648157119751,-0.653292834758759,3.72096157073975,-0.648025155067444,6a-b7-ec-4d-42-17-0a-40-4c-b9-37-dc-b7-62-fe-bf-79-bb-2e-61-a5-e6-08-c0,-3.11262012409082,3.26135693434383,-1.89910112402466
109.310078,745,268,745,268,2,109.310616,0.0250489999999957,109.285567,487.262573242188,487.282592773438,487.302581787109,487.262573242188,487.282592773438,487.302581787109,3,5.35164642333984,-0.653292834758759,3.70778894424438,-0.648025155067444,7f-cd-08-c8-38-32-0a-40-c6-bf-a9-c8-27-61-fe-bf-79-bb-2e-61-a5-e6-08-c0,-3.11262012409082,3.27452236439575,-1.89871958145157
109.329723,811,267,811,267,2,109.330298,0.00154999999999461,109.328748,487.302581787109,487.322601318359,487.345764160156,487.302581787109,487.322601318359,487.345764160156,3,5.33847665786743,-0.648024380207062,3.69461607933044,-0.648025155067444,73-ff-a5-6d-2f-4d-0a-40-12-5d-15-7e-96-5f-fe-bf-d7-48-a3-ec-49-e6-08-c0,-3.11244568703942,3.2876881185802,-1.89833688021992
109.349701,811,267,811,267,2,109.350276,0.0215279999999893,109.328748,487.302581787109,487.322601318359,487.345764160156,487.302581787109,487.322601318359,487.345764160156,3,5.32530736923218,-0.653292834758759,3.68144392967224,-0.648025155067444,88-4c-4f-ba-25-68-0a-40-83-cf-b1-cf-02-5e-fe-bf-34-d6-17-78-ee-e5-08-c0,-3.11227124998802,3.30085321001531,-1.89795189982121
109.369754,713,265,713,265,2,109.370626,0.00187300000000334,109.368753,487.345764160156,487.365783691406,487.385772705078,487.345764160156,487.365783691406,487.385772705078,3,5.31082105636597,-0.653292834758759,3.66695404052734,-0.648025155067444,60-2a-77-5c-ce-85-0a-40-01-4a-f2-c6-42-5c-fe-bf-aa-63-42-6b-37-e5-08-c0,-3.11192210956911,3.31533500898995,-1.89752462113813
109.389751,713,265,713,265,2,109.3904,0.0216470000000015,109.368753,487.345764160156,487.365783691406,487.385772705078,487.345764160156,487.365783691406,487.385772705078,3,5.29765129089356,-0.653292834758759,3.65378141403198,-0.648025155067444,25-c4-31-c9-c4-a0-0a-40-f9-7c-bf-a5-a6-5a-fe-bf-1f-f1-6c-5e-80-e4-08-c0,-3.1115729691502,3.32850033934712,-1.89713158364594
109.40971,689,269,689,269,2,109.41036,0.00158700000000067,109.408773,487.385772705078,487.405792236328,487.42578125,487.385772705078,487.405792236328,487.42578125,3,5.2844820022583,-0.653292834758759,3.64060926437378,-0.653293669223785,53-3d-6d-e3-ba-bb-0a-40-e6-27-8b-b6-05-59-fe-bf-95-7e-97-51-c9-e3-08-c0,-3.11122382873129,3.34166505505679,-1.8967339640244
109.429707,689,269,689,269,2,109.430412,0.0216390000000075,109.408773,487.385772705078,487.405792236328,487.42578125,487.385772705078,487.405792236328,487.42578125,3,5.26999568939209,-0.653292834758759,3.62743663787842,-0.653293669223785,7c-96-a1-26-0a-d8-0a-40-f2-5e-71-21-4c-57-fe-bf-f3-0b-0c-dd-6d-e3-08-c0,-3.11104939167989,3.35548811131122,-1.89631283820739
109.450038,690,272,690,272,2,109.450613,-0.00133699999999237,109.45195,487.425811767578,487.44580078125,487.468963623047,487.425811767578,487.44580078125,487.468963623047,3,5.25682592391968,-0.663829863071442,3.61426377296448,-0.658562123775482,9f-60-62-79-00-f3-0a-40-de-b2-c7-27-a5-55-fe-bf-50-99-80-68-12-e3-08-c0,-3.11087495462849,3.36865324813341,-1.89590945757953
109.469738,690,272,690,272,2,109.470517,0.0185670000000044,109.45195,487.425811767578,487.44580078125,487.468963623047,487.425811767578,487.44580078125,487.468963623047,3,5.24233961105347,-0.669098377227783,3.59977436065674,-0.658562123775482,ee-e9-0c-b4-a8-10-0b-40-46-fd-b6-93-d2-53-fe-bf-50-99-80-68-12-e3-08-c0,-3.11087495462849,3.38313427605066,-1.89546449376196
109.489717,651,271,651,271,2,109.490551,-0.00140199999999879,109.491953,487.468963623047,487.488983154297,487.508972167969,487.468963623047,487.488983154297,487.508972167969,3,5.22917032241821,-0.669098377227783,3.58660173416138,-0.658562123775482,2b-16-59-cd-9e-2b-0b-40-9a-c9-14-34-29-52-fe-bf-68-99-36-d0-b6-e2-08-c0,-3.11070025126098,3.39629898479577,-1.89505882591457
109.509732,651,271,651,271,2,109.510474,0.0185210000000069,109.491953,487.468963623047,487.488983154297,487.508972167969,487.468963623047,487.488983154297,487.508972167969,3,5.21468353271484,-0.669098377227783,3.57342910766602,-0.663830637931824,4c-5b-b0-12-ee-47-0b-40-45-5b-3a-06-68-50-fe-bf-c6-26-ab-5b-5b-e2-08-c0,-3.11052581420958,3.41012205696771,-1.89463045532985
109.52971,634,273,634,273,2,109.530731,-0.00122000000000355,109.531951,487.508972167969,487.528991699219,487.548950195313,487.508972167969,487.528991699219,487.548950195313,3,5.20151376724243,-0.67436683177948,3.55893969535828,-0.663830637931824,bf-e6-fa-3d-3d-64-0b-40-bf-4c-1b-52-a4-4e-fe-bf-23-b4-1f-e7-ff-e1-08-c0,-3.11035137715818,3.42394493505421,-1.89419967720896
109.550041,634,273,634,273,2,109.550857,0.018905999999987,109.531951,487.508972167969,487.528991699219,487.548950195313,487.508972167969,487.528991699219,487.548950195313,3,5.18834447860718,-0.67436683177948,3.54576706886292,-0.674367666244507,a9-1d-87-3a-33-7f-0b-40-21-1e-3b-b8-f3-4c-fe-bf-3c-b4-d5-4e-a4-e1-08-c0,-3.11017667379067,3.43710942959634,-1.89378711667258
109.569723,634,273,634,273,2,109.571151,0.0391999999999939,109.531951,487.508972167969,487.528991699219,487.548950195313,487.508972167969,487.528991699219,487.548950195313,3,5.17385816574097,-0.684903860092163,3.53127717971802,-0.674367666244507,a7-9e-4c-60-db-9c-0b-40-2e-bd-39-e1-13-4b-fe-bf-b1-41-00-42-ed-e0-08-c0,-3.10982753337176,3.45159030183625,-1.89332950571754
109.589868,569,274,569,274,2,109.590647,0.0155220000000043,109.575125,487.548980712891,487.568969726563,487.592132568359,487.548980712891,487.568969726563,487.592132568359,3,5.15937185287476,-0.684903860092163,3.51810479164124,-0.674367666244507,6d-fa-c7-42-2a-b9-0b-40-69-1a-2a-10-46-49-fe-bf-0f-cf-74-cd-91-e0-08-c0,-3.10965309632036,3.46541263745103,-1.89288908304448
109.609939,569,274,569,274,2,109.610644,0.0355189999999936,109.575125,487.548980712891,487.568969726563,487.592132568359,487.548980712891,487.568969726563,487.592132568359,3,5.14620208740234,-0.684903860092163,3.50493216514587,-0.679636120796204,c4-2f-39-38-20-d4-0b-40-a8-ef-23-d1-8b-47-fe-bf-6c-5c-e9-58-36-e0-08-c0,-3.10947865926896,3.47857707905311,-1.89246732421359
109.629843,598,278,598,278,2,109.631012,0.0158660000000026,109.615146,487.592163085938,487.612152099609,487.632171630859,487.592163085938,487.612152099609,487.632171630859,3,5.13303279876709,-0.684903860092163,3.49175953865051,-0.679636120796204,a8-f5-c5-03-16-ef-0b-40-3c-26-48-2b-cf-45-fe-bf-84-5c-9f-c0-da-df-08-c0,-3.10930395590145,3.49174120853305,-1.89204327494589
109.64984,598,278,598,278,2,109.650656,0.0355100000000022,109.615146,487.592163085938,487.612152099609,487.632171630859,487.592163085938,487.612152099609,487.632171630859,3,5.11854600906372,-0.684903860092163,3.47726988792419,-0.679636120796204,63-25-b5-08-be-0c-0c-40-0e-3b-6b-66-e3-43-fe-bf-e2-e9-13-4c-7f-df-08-c0,-3.10912951885005,3.50622183611692,-1.89157428748485
109.669837,485,277,485,277,2,109.671098,0.0159479999999945,109.65515,487.632171630859,487.652191162109,487.672149658203,487.632171630859,487.652191162109,487.672149658203,3,5.10537624359131,-0.690172374248505,3.46409726142883,-0.679636120796204,bb-eb-44-e0-b3-27-0c-40-c6-d8-30-ed-21-42-fe-bf-3f-77-88-d7-23-df-08-c0,-3.10895508179865,3.51938605509119,-1.89114563610706
109.689834,485,277,485,277,2,109.690632,0.0354819999999876,109.65515,487.632171630859,487.652191162109,487.672149658203,487.632171630859,487.652191162109,487.672149658203,3,5.0908899307251,-0.684903860092163,3.44960761070251,-0.684904634952545,ad-2f-22-af-5b-45-0c-40-c0-70-cc-dd-30-40-fe-bf-58-77-3e-3f-c8-de-08-c0,-3.10878037843115,3.53386627982214,-1.89067160263134
109.709831,465,276,465,276,2,109.71061,0.0122810000000015,109.698329,487.672180175781,487.692169189453,487.71533203125,487.672180175781,487.692169189453,487.71533203125,3,5.07772064208984,-0.684903860092163,3.43643522262573,-0.684904634952545,16-04-71-3d-51-60-0c-40-a3-88-c4-61-69-3e-fe-bf-12-92-27-56-11-de-08-c0,-3.10843150432835,3.54702995301387,-1.89023721876632
109.729716,465,276,465,276,2,109.730607,0.0322780000000051,109.698329,487.672180175781,487.692169189453,487.71533203125,487.672180175781,487.692169189453,487.71533203125,3,5.06323432922363,-0.690172374248505,3.42326259613037,-0.684904634952545,65-60-93-db-9f-7c-0c-40-55-c0-6e-53-87-3c-fe-bf-2b-92-dd-bd-b5-dd-08-c0,-3.10825680096084,3.56085177939899,-1.88977749434345
109.749695,406,275,406,275,2,109.750363,0.0120339999999999,109.738329,487.715362548828,487.7353515625,487.755340576172,487.715362548828,487.7353515625,487.755340576172,3,5.05006456375122,-0.690172374248505,3.40877294540405,-0.684904634952545,15-6a-e4-8e-ee-98-0c-40-9b-28-42-bb-a2-3a-fe-bf-88-1f-52-49-5a-dd-08-c0,-3.10808236390944,3.57467376360479,-1.88931534908128
109.769747,406,275,406,275,2,109.770675,0.032346000000004,109.738329,487.715362548828,487.7353515625,487.755340576172,487.715362548828,487.7353515625,487.755340576172,3,5.03557777404785,-0.690172374248505,3.39560031890869,-0.684904634952545,bf-4e-5c-37-3d-b5-0c-40-2b-d8-de-9b-bb-38-fe-bf-e5-ac-c6-d4-fe-dc-08-c0,-3.10790792685804,3.58849566698504,-1.88885079275998
109.789893,352,279,352,279,2,109.790523,0.0122009999999904,109.778322,487.75537109375,487.775360107422,487.795349121094,487.75537109375,487.775360107422,487.795349121094,3,5.02240562438965,-0.690172374248505,3.38111066818237,-0.679636120796204,88-f5-57-6f-8c-d1-0c-40-5d-b1-57-a6-d0-36-fe-bf-5b-3a-f1-c7-47-dc-08-c0,-3.10755878643913,3.60231863963299,-1.8883825776821
109.810019,352,279,352,279,2,109.810669,0.0323470000000015,109.778322,487.75537109375,487.775360107422,487.795349121094,487.75537109375,487.775360107422,487.795349121094,3,5.00791597366333,-0.690172374248505,3.36793804168701,-0.679636120796204,2e-a0-ca-b6-db-ed-0c-40-95-08-c1-e2-e1-34-fe-bf-74-3a-a7-2f-ec-db-08-c0,-3.10738408307162,3.61614172750344,-1.88791073394581
109.829738,310,280,310,280,2,109.830795,0.0092949999999945,109.8215,487.795349121094,487.818511962891,487.838500976563,487.795349121094,487.818511962891,487.838500976563,3,4.99474334716797,-0.690172374248505,3.35476541519165,-0.684904634952545,18-60-cf-d1-d1-08-0d-40-1c-4b-43-73-03-33-fe-bf-01-70-2f-c5-22-da-08-c0,-3.10651163149851,3.62930644907102,-1.88745446228558
109.849976,310,280,310,280,2,109.850533,0.0290329999999983,109.8215,487.795349121094,487.818511962891,487.838500976563,487.795349121094,487.818511962891,487.838500976563,3,4.98157119750977,-0.690172374248505,3.34027576446533,-0.684904634952545,e9-fb-82-aa-20-25-0d-40-e0-63-2f-fd-02-31-fe-bf-d4-8a-ce-43-10-d9-08-c0,-3.1059880540282,3.64312871181709,-1.8869657411617
109.869917,287,284,287,284,2,109.870808,0.00930499999999768,109.861503,487.838531494141,487.858520507813,487.878509521484,487.838531494141,487.858520507813,487.878509521484,3,4.96708106994629,-0.690172374248505,3.32710337638855,-0.684904634952545,c8-0a-65-96-6f-41-0d-40-64-09-a0-30-fc-2e-fe-bf-4a-18-f9-36-59-d8-08-c0,-3.10563891360929,3.65695111747604,-1.88647097582051
109.890304,287,284,287,284,2,109.890842,0.0293390000000073,109.861503,487.838531494141,487.858520507813,487.878509521484,487.838531494141,487.858520507813,487.878509521484,3,4.95390844345093,-0.690172374248505,3.31393074989319,-0.684904634952545,b6-7d-aa-54-65-5c-0d-40-3f-cb-b5-46-09-2d-fe-bf-c0-a5-23-2a-a2-d7-08-c0,-3.10528977319038,3.67011514802263,-1.88599517460962
109.909707,277,286,277,286,2,109.910839,0.0093260000000015,109.901513,487.878540039063,487.898529052734,487.918518066406,487.878540039063,487.898529052734,487.918518066406,3,4.93941879272461,-0.690172374248505,3.29944109916687,-0.684904634952545,42-7d-4d-13-0d-7a-0d-40-dd-db-5c-d4-e1-2a-fe-bf-c0-a5-23-2a-a2-d7-08-c0,-3.10528977319038,3.68459525184849,-1.88546927408401
109.92989,277,286,277,286,2,109.930502,0.0289890000000099,109.901513,487.878540039063,487.898529052734,487.918518066406,487.878540039063,487.898529052734,487.918518066406,3,4.92624616622925,-0.690172374248505,3.28626847267151,-0.684904634952545,a9-55-cd-c0-02-95-0d-40-31-e7-5e-4d-eb-28-fe-bf-1d-33-98-b5-46-d7-08-c0,-3.10511533613898,3.69775915743476,-1.88499002669273
109.949682,277,283,277,283,2,109.950443,0.00573900000000549,109.944704,487.918548583984,487.940155029297,487.961700439453,487.918548583984,487.940155029297,487.961700439453,3,4.91307353973389,-0.690172374248505,3.27309584617615,-0.679636120796204,5b-d2-af-68-f8-af-0d-40-0e-b2-2d-92-f3-26-fe-bf-1d-33-98-b5-46-d7-08-c0,-3.10511533613898,3.7109230211884,-1.88450963116623
109.970366,277,283,277,283,2,109.970959,0.0262549999999919,109.944704,487.918548583984,487.940155029297,487.961700439453,487.918548583984,487.940155029297,487.961700439453,3,4.89858388900757,-0.684903860092163,3.25860619544983,-0.679636120796204,cf-aa-c6-14-a0-cd-0d-40-e1-32-45-26-c8-24-fe-bf-36-33-4e-1d-eb-d6-08-c0,-3.10494063277147,3.72540298682484,-1.88397993993129
109.989732,279,289,279,289,2,109.990344,0.00564099999999712,109.984703,487.961730957031,487.981719970703,488.001708984375,487.961730957031,487.981719970703,488.001708984375,3,4.88409423828125,-0.684903860092163,3.24411630630493,-0.684904634952545,59-3a-2b-be-47-eb-0d-40-4b-1d-a2-bf-98-22-fe-bf-f0-4d-37-34-34-d6-08-c0,-3.10459175866867,3.73988293237134,-1.88344645363562
110.009747,279,289,279,289,2,110.010359,0.0256559999999979,109.984703,487.961730957031,487.981719970703,488.001708984375,487.961730957031,487.981719970703,488.001708984375,3,4.87092161178589,-0.690172374248505,3.23094391822815,-0.684904634952545,e7-36-10-34-3d-06-0e-40-4e-13-81-cb-99-20-fe-bf-f0-4d-37-34-34-d6-08-c0,-3.10459175866867,3.7530464236687,-1.88295917028264
110.029948,284,284,284,284,2,110.030505,0.00578500000000304,110.02472,488.001739501953,488.021728515625,488.041717529297,488.001739501953,488.021728515625,488.041717529297,3,4.85643196105957,-0.695440828800201,3.21645402908325,-0.684904634952545,23-10-06-be-e4-23-0e-40-6d-64-4d-c5-63-1e-fe-bf-c3-68-d6-b2-21-d5-08-c0,-3.10406818119836,3.76752613502505,-1.88241936751572
110.049927,284,284,284,284,2,110.050483,0.0257629999999978,110.02472,488.001739501953,488.021728515625,488.041717529297,488.001739501953,488.021728515625,488.041717529297,3,4.84194231033325,-0.695440828800201,3.20196437835693,-0.690173149108887,07-dc-99-1e-8c-41-0e-40-2f-97-3f-73-28-1c-fe-bf-dc-68-8c-1a-c6-d4-08-c0,-3.10389347783085,3.78200553805391,-1.88187451380641
110.069812,284,285,284,285,2,110.070406,0.00251300000000754,110.067893,488.041748046875,488.061737060547,488.084899902344,488.041748046875,488.061737060547,488.084899902344,3,4.82745265960693,-0.695440828800201,3.18747448921204,-0.690173149108887,e0-04-5f-82-33-5f-0e-40-db-8f-78-79-ea-19-fe-bf-39-f6-00-a6-6a-d4-08-c0,-3.10371904077945,3.79648496487117,-1.88132712792957
110.08992,284,285,284,285,2,110.09044,0.022547000000003,110.067893,488.041748046875,488.061737060547,488.084899902344,488.041748046875,488.061737060547,488.084899902344,3,4.81296253204346,-0.695440828800201,3.17298483848572,-0.690173149108887,1f-d7-48-e9-da-7c-0e-40-e2-16-7b-d8-a9-17-fe-bf-97-83-75-31-0f-d4-08-c0,-3.10354460372805,3.81096441510716,-1.88077721178836
110.109917,281,290,281,290,2,110.110474,0.00258800000000292,110.107886,488.084930419922,488.104919433594,488.124908447266,488.084930419922,488.104919433594,488.124908447266,3,4.79847288131714,-0.700709342956543,3.15981245040894,-0.695441663265228,8c-5d-94-13-29-99-0e-40-a7-67-1e-e8-80-15-fe-bf-af-83-2b-99-b3-d3-08-c0,-3.10336990036054,3.82478537842298,-1.8802498881473
110.129747,281,290,281,290,2,110.130452,0.0225660000000119,110.107886,488.084930419922,488.104919433594,488.124908447266,488.084930419922,488.104919433594,488.124908447266,3,4.78398323059082,-0.705977857112885,3.14532256126404,-0.700710117816925,ad-de-9d-50-d0-b6-0e-40-6e-37-53-fb-3a-13-fe-bf-0c-11-a0-24-58-d3-08-c0,-3.10319546330914,3.83926451665669,-1.87969492124418
110.149744,287,286,287,286,2,110.150393,0.0025139999999908,110.147879,488.124908447266,488.144897460938,488.164886474609,488.124908447266,488.144897460938,488.164886474609,3,4.7694935798645,-0.705977857112885,3.13083291053772,-0.700710117816925,fb-00-2a-77-77-d4-0e-40-c0-44-c4-bc-f3-10-fe-bf-0c-11-a0-24-58-d3-08-c0,-3.10319546330914,3.85374348732887,-1.87913869606955
110.169704,287,286,287,286,2,110.170242,0.0223629999999986,110.147879,488.124908447266,488.144897460938,488.164886474609,488.124908447266,488.144897460938,488.164886474609,3,4.75500345230103,-0.705977857112885,3.11634302139282,-0.705978631973267,a0-10-25-c7-1e-f2-0e-40-2d-23-02-27-ab-0e-fe-bf-25-11-56-8c-fc-d2-08-c0,-3.10302075994163,3.86822276670326,-1.87858119237553
110.189738,287,292,287,292,2,110.190294,-0.00170700000001034,110.192001,488.164916992188,488.184906005859,488.208984375,488.164916992188,488.184906005859,488.208984375,3,4.74051380157471,-0.716514766216278,3.1018533706665,-0.705978631973267,a3-b7-11-da-c5-0f-0f-40-23-99-73-ee-5f-0c-fe-bf-82-9e-ca-17-a1-d2-08-c0,-3.10284632289023,3.88270159117288,-1.87802117486132
110.209902,287,292,287,292,2,110.210458,0.0184569999999979,110.192001,488.164916992188,488.184906005859,488.208984375,488.164916992188,488.184906005859,488.208984375,3,4.72470712661743,-0.716514766216278,3.08736348152161,-0.711247146129608,41-90-34-ed-c5-2e-0f-40-b1-fa-e0-3f-f7-09-fe-bf-df-2b-3f-a3-45-d2-08-c0,-3.10267188583883,3.89783845249806,-1.87743306114832
110.230066,290,287,290,287,2,110.230604,-0.00151200000000529,110.232116,488.209045410156,488.229095458984,488.249114990234,488.209045410156,488.229095458984,488.249114990234,3,4.71021699905396,-0.72178328037262,3.07287383079529,-0.711247146129608,12-11-c1-05-6d-4c-0f-40-e7-8f-5f-b8-a6-07-fe-bf-f8-2b-f5-0a-ea-d1-08-c0,-3.10249718247132,3.91231731887286,-1.87686798115555
110.24971,290,287,290,287,2,110.250675,0.0185589999999962,110.232116,488.209045410156,488.229095458984,488.249114990234,488.209045410156,488.229095458984,488.249114990234,3,4.69572734832764,-0.72178328037262,3.05838394165039,-0.711247146129608,01-6a-af-07-14-6a-0f-40-5f-3e-9d-de-54-05-fe-bf-f8-2b-f5-0a-ea-d1-08-c0,-3.10249718247132,3.92679601673194,-1.87630164107022
110.269707,292,292,292,292,2,110.270282,-0.00186500000000933,110.272147,488.249145507813,488.269165039063,488.289154052734,488.249145507813,488.269165039063,488.289154052734,3,4.68123722076416,-0.72178328037262,3.04389429092407,-0.716515600681305,b0-a1-9a-19-bb-87-0f-40-94-bc-9a-03-03-03-fe-bf-f8-2b-f5-0a-ea-d1-08-c0,-3.10249718247132,3.94127483370922,-1.87573529632553
110.289889,292,292,292,292,2,110.290427,0.0182799999999901,110.272147,488.249145507813,488.269165039063,488.289154052734,488.249145507813,488.269165039063,488.289154052734,3,4.66806507110596,-0.72178328037262,3.03072190284729,-0.716515600681305,9a-66-a8-e2-af-a2-0f-40-a4-ee-fb-28-e7-00-fe-bf-f8-2b-f5-0a-ea-d1-08-c0,-3.10249718247132,3.95443703724307,-1.8752204514448
110.310053,292,292,292,292,2,110.310591,0.0384439999999984,110.272147,488.249145507813,488.269165039063,488.289154052734,488.249145507813,488.269165039063,488.289154052734,3,4.65357542037964,-0.72178328037262,3.01623201370239,-0.716515600681305,89-bf-96-e4-56-c0-0f-40-1c-9d-39-4f-95-fe-fd-bf-f8-2b-f5-0a-ea-d1-08-c0,-3.10249718247132,3.96891573510215,-1.87465411135947
110.330106,284,293,284,293,2,110.330644,0.0153260000000017,110.315318,488.289184570313,488.309173583984,488.332336425781,488.289184570313,488.309173583984,488.332336425781,3,4.63908529281616,-0.72178328037262,3.00305962562561,-0.711247146129608,f6-8b-0e-ea-a4-dc-0f-40-da-ac-88-72-5e-fc-fd-bf-f8-2b-f5-0a-ea-d1-08-c0,-3.10249718247132,3.98273642403501,-1.87411350955772
110.349732,284,293,284,293,2,110.350492,0.0351739999999978,110.315318,488.289184570313,488.309173583984,488.332336425781,488.289184570313,488.309173583984,488.332336425781,3,4.62327814102173,-0.727051734924316,2.98725247383118,-0.716515600681305,29-9a-e0-14-fe-fc-0f-40-fd-07-e3-9a-d6-f9-fd-bf-f8-2b-f5-0a-ea-d1-08-c0,-3.10249718247132,3.99853149710113,-1.87349567892716
110.36971,288,297,288,297,2,110.370285,0.0149499999999989,110.355335,488.332336425781,488.352355957031,488.372344970703,488.332336425781,488.352355957031,488.372344970703,3,4.6061544418335,-0.727051734924316,2.96881079673767,-0.716515600681305,14-0b-62-12-b1-10-10-40-c4-0e-00-8c-fa-f6-fd-bf-b3-46-de-21-33-d1-08-c0,-3.10214830836852,4.01630047534379,-1.87279753387058
110.389837,288,297,288,297,2,110.390393,0.0350580000000065,110.355335,488.332336425781,488.352355957031,488.372344970703,488.332336425781,488.352355957031,488.372344970703,3,4.58507823944092,-0.742857158184052,2.94641757011414,-0.737589538097382,15-0f-91-2a-ee-26-10-40-c2-02-fa-e2-6d-f3-fd-bf-fc-ee-a7-93-69-cf-08-c0,-3.1012755904793,4.03801790724153,-1.87193096792923
110.409964,288,294,288,294,2,110.410557,0.0152159999999952,110.395341,488.372375488281,488.392364501953,488.412353515625,488.372375488281,488.392364501953,488.412353515625,3,4.55741596221924,-0.806079030036926,2.92007255554199,-0.81134843826294,0e-bb-47-01-8f-42-10-40-1f-ea-95-e9-df-ee-fd-bf-8d-3f-3b-77-d6-cb-08-c0,-3.09953015470086,4.06499864578542,-1.87081900829674
110.429738,288,294,288,294,2,110.430795,0.0354540000000014,110.395341,488.372375488281,488.392364501953,488.412353515625,488.372375488281,488.392364501953,488.412353515625,3,4.52711915969849,-0.806079030036926,2.88977575302124,-0.81134843826294,43-21-cd-ed-8d-61-10-40-61-28-f6-6c-97-e9-fd-bf-34-75-79-74-b1-c9-08-c0,-3.09848299976025,4.09526797832979,-1.8695291763602
110.449716,294,299,294,299,2,110.450569,0.0120579999999961,110.438511,488.412384033203,488.432373046875,488.455535888672,488.412384033203,488.432373046875,488.455535888672,3,4.49813938140869,-0.890374839305878,2.85947895050049,-0.906181216239929,cb-7e-a1-08-e0-7f-10-40-7c-00-87-d2-4b-e4-fd-bf-da-aa-b7-71-8c-c7-08-c0,-3.09743584481963,4.12487805829705,-1.86823637234923
110.469713,294,299,294,299,2,110.470696,0.0321849999999984,110.438511,488.412384033203,488.432373046875,488.455535888672,488.412384033203,488.432373046875,488.455535888672,3,4.4678430557251,-0.985207676887512,2.83049941062927,-0.906181216239929,d3-94-82-ce-31-9e-10-40-df-b7-43-8f-ea-de-fd-bf-50-38-e2-64-d5-c6-08-c0,-3.09708670440072,4.15448687240606,-1.86692291224198
110.489691,297,296,297,296,2,110.490619,0.0120759999999933,110.478543,488.455535888672,488.475555419922,488.495544433594,488.455535888672,488.475555419922,488.495544433594,3,4.44149780273438,-0.985207676887512,2.80151987075806,-1.00628256797791,ba-22-8e-12-7e-ba-10-40-20-e2-69-74-d8-d9-fd-bf-23-53-81-e3-c2-c5-08-c0,-3.09656312693041,4.18212155334975,-1.86568494295182
110.509725,297,296,297,296,2,110.510282,0.0317390000000017,110.478543,488.455535888672,488.475555419922,488.495544433594,488.455535888672,488.475555419922,488.495544433594,3,4.4138355255127,-1.06950354576111,2.77385759353638,-1.0905784368515,44-31-db-22-ca-d6-10-40-22-ab-17-2f-b7-d4-fd-bf-f6-6d-20-62-b0-c4-08-c0,-3.0960395494601,4.20975546324582,-1.86443251033297
110.529704,299,298,299,298,2,110.530372,0.0118230000000068,110.518549,488.495574951172,488.515563964844,488.535552978516,488.495574951172,488.515563964844,488.535552978516,3,4.38617324829102,-1.1537994146347,2.74751281738281,-1.0905784368515,91-15-49-85-69-f2-10-40-ea-91-aa-60-a6-cf-fd-bf-c9-88-bf-e0-9d-c3-08-c0,-3.09551597198979,4.23673065432139,-1.86319577942151
110.549701,299,298,299,298,2,110.550406,0.0318570000000022,110.518549,488.495574951172,488.515563964844,488.535552978516,488.495574951172,488.515563964844,488.535552978516,3,4.35982799530029,-1.1537994146347,2.72116756439209,-1.1696058511734,77-fa-d4-70-5c-0d-11-40-e0-c5-a9-f5-ad-ca-fd-bf-c9-88-bf-e0-9d-c3-08-c0,-3.09551597198979,4.26304794597546,-1.86198230707338
110.569716,298,369,298,369,2,110.570273,0.00855099999999709,110.561722,488.535583496094,488.555572509766,488.578735351563,488.535583496094,488.555572509766,488.578735351563,3,4.33480072021484,-1.22755825519562,2.69614005088806,-1.24863314628601,1b-da-7c-3b-f6-26-11-40-fd-fa-a5-e7-f2-c5-fd-bf-26-16-34-6c-42-c3-08-c0,-3.09534153493839,4.2880486769632,-1.86082735526696
110.589732,298,369,298,369,2,110.590307,0.0285849999999925,110.561722,488.535583496094,488.555572509766,488.578735351563,488.535583496094,488.555572509766,488.578735351563,3,4.31108999252319,-1.22755825519562,2.67242932319641,-1.24863314628601,c6-aa-6f-2f-37-3f-11-40-84-6c-17-3a-73-c1-fd-bf-3f-16-ea-d3-e6-c2-08-c0,-3.09516683157088,4.31173395270407,-1.85972902957909
110.609895,301,485,301,485,2,110.610433,0.00871800000000178,110.601715,488.578735351563,488.598754882813,488.618713378906,488.578735351563,488.598754882813,488.618713378906,3,4.29001426696777,-1.28024315834045,2.65135335922241,-1.29604959487915,4b-a7-31-29-c6-54-11-40-bb-39-d2-87-73-bd-fd-bf-26-16-34-6c-42-c3-08-c0,-3.09534153493839,4.33278717389642,-1.85875275664476
110.629707,301,485,301,485,2,110.630375,0.0286600000000021,110.601715,488.578735351563,488.598754882813,488.618713378906,488.578735351563,488.598754882813,488.618713378906,3,4.26893758773804,-1.30658555030823,2.63159465789795,-1.31185507774353,d1-21-e7-e5-a8-69-11-40-f0-3e-67-22-9d-b9-fd-bf-f6-6d-20-62-b0-c4-08-c0,-3.0960395494601,4.3531833574602,-1.85781587065497
110.649871,299,488,299,488,2,110.650557,0.00881100000000856,110.641746,488.618743896484,488.638732910156,488.658752441406,488.618743896484,488.638732910156,488.658752441406,3,4.24917888641357,-1.30658555030823,2.61183571815491,-1.31185507774353,5f-26-18-29-df-7d-11-40-bd-38-a0-db-eb-b5-fd-bf-53-fb-94-ed-54-c4-08-c0,-3.0958651124087,4.37292160234355,-1.85691438475946
110.669756,299,488,299,488,2,110.670554,0.0288079999999979,110.641746,488.618743896484,488.638732910156,488.658752441406,488.618743896484,488.638732910156,488.658752441406,3,4.22810316085815,-1.28024303913116,2.59075975418091,-1.27497565746307,ff-90-dd-55-6e-93-11-40-a8-3d-e1-7f-fd-b1-fd-bf-99-e0-ab-d6-0b-c5-08-c0,-3.0962139865115,4.39397558369478,-1.8559546466166
110.689698,305,639,305,639,2,110.690532,0.00876999999999839,110.681762,488.658782958984,488.678771972656,488.698760986328,488.658782958984,488.678771972656,488.698760986328,3,4.20834398269653,-1.22755801677704,2.57100105285645,-1.21702218055725,36-aa-d5-b0-a4-a7-11-40-81-c0-06-a2-51-ae-fd-bf-99-e0-ab-d6-0b-c5-08-c0,-3.0962139865115,4.41371418289287,-1.85505831996491
110.709824,305,639,305,639,2,110.710882,0.0291199999999918,110.681762,488.658782958984,488.678771972656,488.698760986328,488.658782958984,488.678771972656,488.698760986328,3,4.18990278244019,-1.22755801677704,2.55387663841248,-1.21702218055725,a8-86-8e-74-d5-b9-11-40-2b-44-7e-a3-fb-aa-fd-bf-26-16-34-6c-42-c3-08-c0,-3.09534153493839,4.43147832984838,-1.85424388756315
110.729673,307,550,307,550,2,110.730508,0.00874199999999803,110.721766,488.698791503906,488.718780517578,488.73876953125,488.698791503906,488.718780517578,488.73876953125,3,4.1727786064148,-1.15906763076782,2.53543519973755,-1.13799476623535,88-d6-2a-25-06-cc-11-40-ca-59-b7-24-9f-a7-fd-bf-c9-88-bf-e0-9d-c3-08-c0,-3.09551597198979,4.44924219202006,-1.85342325536986
110.749744,307,550,307,550,2,110.750282,0.0285159999999962,110.721766,488.698791503906,488.718780517578,488.73876953125,488.698791503906,488.718780517578,488.73876953125,3,4.1556544303894,-1.09584581851959,2.51962828636169,-1.13799476623535,94-17-8d-cd-dd-dc-11-40-02-0e-1a-dd-7a-a4-fd-bf-6f-be-fd-dd-78-c1-08-c0,-3.09446881704917,4.46568986104639,-1.8526562344349
110.769704,303,598,303,598,2,110.770371,0.00859599999999716,110.761775,488.738800048828,488.7587890625,488.778778076172,488.738800048828,488.7587890625,488.778778076172,3,4.13853025436401,-1.09584581851959,2.50382280349731,-1.06950449943542,6e-9b-15-14-b5-ed-11-40-e0-ec-74-10-46-a1-fd-bf-b8-66-c7-4f-af-bf-08-c0,-3.09359609915995,4.482136071986,-1.85187345913328
110.789701,303,598,303,598,2,110.790498,0.0287229999999994,110.761775,488.738800048828,488.7587890625,488.778778076172,488.738800048828,488.7587890625,488.778778076172,3,4.12272310256958,-1.02208685874939,2.48801779747009,-1.00101399421692,a3-4a-2e-a7-df-fd-11-40-b5-9e-65-c4-20-9e-fd-bf-77-9c-bb-b4-2e-bd-08-c0,-3.09237424085182,4.49792348117868,-1.85110546796379
110.809697,307,840,307,840,2,110.810588,0.00881699999999341,110.801771,488.77880859375,488.798797607422,488.818786621094,488.77880859375,488.798797607422,488.818786621094,3,4.10691595077515,-1.02208685874939,2.47221255302429,-1.00101399421692,c3-53-f0-14-0a-0e-12-40-3b-cf-54-04-ed-9a-fd-bf-4a-b7-5a-33-1c-bc-08-c0,-3.09185066338151,4.51371033398476,-1.85032369319829
110.829843,307,840,307,840,2,110.830511,0.0287399999999991,110.801771,488.77880859375,488.798797607422,488.818786621094,488.77880859375,488.798797607422,488.818786621094,3,4.09242630004883,-0.95886504650116,2.45640730857849,-0.932523667812347,e7-dc-c7-f2-87-1d-12-40-4e-15-d3-82-d4-97-fd-bf-05-d2-43-4a-65-bb-08-c0,-3.09150178927871,4.52883891434542,-1.84956790068948
110.849728,307,644,307,644,2,110.850582,0.00881599999999594,110.841766,488.818786621094,488.838806152344,488.858764648438,488.818786621094,488.838806152344,488.858764648438,3,4.07661914825439,-0.906180143356323,2.44191908836365,-0.885107219219208,8e-26-4b-d3-05-2d-12-40-f3-3b-fa-d6-b7-94-fd-bf-1d-d2-f9-b1-09-bb-08-c0,-3.0913270859112,4.54396753450568,-1.84880813575341
110.869855,307,644,307,644,2,110.870746,0.02897999999999,110.841766,488.818786621094,488.838806152344,488.858764648438,488.818786621094,488.838806152344,488.858764648438,3,4.06212949752808,-0.906180143356323,2.4274308681488,-0.885107219219208,cb-25-a5-2e-d7-3b-12-40-f7-c9-9f-d7-b9-91-fd-bf-d8-ec-e2-c8-52-ba-08-c0,-3.0909782118084,4.55843804247838,-1.84807762363618
110.889833,309,679,309,679,2,110.890946,0.00918400000000474,110.881762,488.858795166016,488.878784179688,488.898773193359,488.858795166016,488.878784179688,488.898773193359,3,4.0476393699646,-0.864032208919525,2.41294288635254,-0.848227858543396,29-cc-6c-89-a8-4a-12-40-27-31-12-31-b9-8e-fd-bf-d8-ec-e2-c8-52-ba-08-c0,-3.0909782118084,4.57290854193256,-1.84734458130249
110.909701,309,679,309,679,2,110.910869,0.0291070000000104,110.881762,488.858795166016,488.878784179688,488.898773193359,488.858795166016,488.878784179688,488.898773193359,3,4.03315019607544,-0.83242130279541,2.3984546661377,-0.816617012023926,2f-02-ef-c7-79-59-12-40-8a-66-13-3c-b7-8b-fd-bf-f0-ec-98-30-f7-b9-08-c0,-3.09080350844089,4.58737862011235,-1.84661029307464
110.929772,314,1040,314,1040,2,110.930569,0.00881100000000856,110.921758,488.898803710938,488.918792724609,488.938781738281,488.898803710938,488.918792724609,488.938781738281,3,4.01866006851196,-0.83242130279541,2.38264966011047,-0.816617012023926,88-b1-18-78-f7-68-12-40-a9-4e-81-1c-8e-88-fd-bf-ab-07-82-47-40-b9-08-c0,-3.09045463433809,4.6025065198013,-1.84583865294273
110.94975,314,1040,314,1040,2,110.950603,0.028845000000004,110.921758,488.898803710938,488.918792724609,488.938781738281,488.898803710938,488.918792724609,488.938781738281,3,4.00417041778564,-0.795541882514954,2.36816143989563,-0.779737532138825,59-3c-ff-b0-c8-77-12-40-e2-3e-d5-85-85-85-fd-bf-ab-07-82-47-40-b9-08-c0,-3.09045463433809,4.61697651441417,-1.84509804037582
110.969691,351,737,351,737,2,110.970452,0.00869600000000048,110.961756,488.938781738281,488.958770751953,488.978759765625,488.938781738281,488.958770751953,488.978759765625,3,3.98968052864075,-0.769199430942535,2.35367345809937,-0.779737532138825,ad-8f-33-e1-99-86-12-40-b8-c2-16-49-7a-82-fd-bf-21-95-ac-3a-89-b8-08-c0,-3.09010549391918,4.63144637944417,-1.844354901794
110.989781,351,737,351,737,2,110.990579,0.0288230000000027,110.961756,488.938781738281,488.958770751953,488.978759765625,488.938781738281,488.958770751953,488.978759765625,3,3.97519111633301,-0.769199430942535,2.33918523788452,-0.758663594722748,8f-88-26-ef-6a-95-12-40-e6-d3-d2-1b-67-7f-fd-bf-0c-b0-01-21-1b-b7-08-c0,-3.08940721308136,4.64591573403062,-1.84360419148038
111.009685,371,1137,371,1137,2,111.010316,0.0085679999999968,111.001748,488.978790283203,488.998779296875,489.018768310547,488.978790283203,488.998779296875,489.018768310547,3,3.96070122718811,-0.748125493526459,2.32469701766968,-0.742858171463013,e8-f9-94-f2-3b-a4-12-40-2a-c8-9c-f9-4b-7c-fd-bf-c7-ca-ea-37-64-b6-08-c0,-3.08905833897856,4.66038493189124,-1.84284589295249
111.029775,371,1137,371,1137,2,111.030702,0.0289539999999988,111.001748,488.978790283203,488.998779296875,489.018768310547,488.978790283203,488.998779296875,489.018768310547,3,3.94621133804321,-0.742856979370117,2.31152606010437,-0.742858171463013,10-1c-94-79-60-b2-12-40-b9-4e-78-ee-4f-79-fd-bf-3d-58-15-2b-ad-b5-08-c0,-3.08870919855965,4.67419614759912,-1.84211724426579
111.049753,420,773,420,773,2,111.05081,0.00906799999999919,111.041742,489.018768310547,489.038757324219,489.058746337891,489.018768310547,489.038757324219,489.058746337891,3,3.93040418624878,-0.742856979370117,2.29572081565857,-0.732321262359619,ff-14-db-24-8a-c2-12-40-69-1d-da-f5-e0-75-fd-bf-b2-e5-3f-1e-f6-b4-08-c0,-3.08836005814074,4.68998010241671,-1.84127899204199
111.069935,420,773,420,773,2,111.070919,0.0291770000000042,111.041742,489.018768310547,489.038757324219,489.058746337891,489.018768310547,489.038757324219,489.058746337891,3,3.91591477394104,-0.732320070266724,2.2812328338623,-0.732321262359619,a4-21-07-df-5a-d1-12-40-a7-ef-69-48-b7-72-fd-bf-10-73-b4-a9-9a-b4-08-c0,-3.08818562108934,4.70444820862796,-1.84050682341238
111.089765,481,785,481,785,2,111.09073,0.00738199999999267,111.083348,489.058776855469,489.080352783203,489.100341796875,489.058776855469,489.080352783203,489.100341796875,3,3.90142488479614,-0.732320070266724,2.26674461364746,-0.732321262359619,38-cc-1a-a8-2b-e0-12-40-de-b5-db-ef-8a-6f-fd-bf-28-73-6a-11-3f-b4-08-c0,-3.08801091772184,4.71891653693734,-1.83973210997225
111.109781,481,785,481,785,2,111.110449,0.0271010000000018,111.083348,489.058776855469,489.080352783203,489.100341796875,489.058776855469,489.080352783203,489.100341796875,3,3.88693499565125,-0.732320010662079,2.25225639343262,-0.727052807807922,0c-3a-a3-6c-fc-ee-12-40-61-b0-0b-44-5d-6c-fd-bf-28-73-6a-11-3f-b4-08-c0,-3.08801091772184,4.73338479753739,-1.83895613270126
111.129685,528,1201,528,1201,2,111.130724,0.00737100000000623,111.123353,489.100372314453,489.120391845703,489.140350341797,489.100372314453,489.120391845703,489.140350341797,3,3.87376236915588,-0.727051496505737,2.23908543586731,-0.721784293651581,ce-d9-09-60-74-fc-12-40-ef-96-ab-91-79-69-fd-bf-28-73-6a-11-3f-b4-08-c0,-3.08801091772184,4.74653768596768,-1.83825070288134
111.149738,528,1201,528,1201,2,111.150331,0.0269779999999997,111.123353,489.100372314453,489.120391845703,489.140350341797,489.100372314453,489.120391845703,489.140350341797,3,3.86190724372864,-0.727051496505737,2.22723150253296,-0.721784293651581,38-54-96-7e-93-08-13-40-2a-29-96-c3-de-66-fd-bf-86-00-df-9c-e3-b3-08-c0,-3.08783648067044,4.75837514679466,-1.83761478806498
111.169697,516,797,516,797,2,111.170235,0.00688100000000702,111.163354,489.140380859375,489.160369873047,489.180358886719,489.140380859375,489.160369873047,489.180358886719,3,3.84873461723328,-0.711246013641357,2.21406054496765,-0.711247384548187,91-e0-91-65-0b-16-13-40-9e-e0-63-75-f7-63-fd-bf-e3-8d-53-28-88-b3-08-c0,-3.08766204361904,4.77152785017837,-1.83690591674352
111.189694,516,797,516,797,2,111.190251,0.0268970000000053,111.163354,489.140380859375,489.160369873047,489.180358886719,489.140380859375,489.160369873047,489.180358886719,3,3.83687973022461,-0.700708985328674,2.2022066116333,-0.695441842079163,3d-0f-f0-70-2a-22-13-40-f0-0d-9a-69-59-61-fd-bf-e3-8d-53-28-88-b3-08-c0,-3.08766204361904,4.78336502518851,-1.83626691103643
111.209802,547,790,547,790,2,111.210489,0.00710999999999729,111.203379,489.180389404297,489.200408935547,489.220397949219,489.180389404297,489.200408935547,489.220397949219,3,3.82634139060974,-0.700708985328674,2.19035267829895,-0.695441842079163,1f-db-0f-30-9d-2d-13-40-90-e2-b2-98-e1-5e-fd-bf-86-00-df-9c-e3-b3-08-c0,-3.08783648067044,4.79454493614938,-1.83566436431844
111.229688,547,790,547,790,2,111.230411,0.0270320000000055,111.203379,489.180389404297,489.200408935547,489.220397949219,489.180389404297,489.200408935547,489.220397949219,3,3.81448602676392,-0.679634988307953,2.17981600761414,-0.674367845058441,c0-3a-c1-f1-0f-39-13-40-f7-72-2a-db-6c-5c-fd-bf-10-73-b4-a9-9a-b4-08-c0,-3.08818562108934,4.80572488538627,-1.83506475078246
111.249722,666,1211,666,1211,2,111.250371,0.00698300000000529,111.243388,489.220397949219,489.240417480469,489.260406494141,489.220397949219,489.240417480469,489.260406494141,3,3.80263090133667,-0.663829505443573,2.16927933692932,-0.674367845058441,31-64-76-b9-82-44-13-40-fc-15-26-37-fc-59-fd-bf-9a-e5-89-b6-51-b5-08-c0,-3.08853476150825,4.81690492425064,-1.83446904699792
111.2697,666,1211,666,1211,2,111.270405,0.0270170000000007,111.243388,489.220397949219,489.240417480469,489.260406494141,489.220397949219,489.240417480469,489.260406494141,3,3.79209280014038,-0.663829505443573,2.15874218940735,-0.65329384803772,27-2e-93-39-49-4f-13-40-ad-87-8c-30-b3-57-fd-bf-3d-58-15-2b-ad-b5-08-c0,-3.08870919855965,4.8274277683336,-1.83391112293655
111.289716,590,788,590,788,2,111.290384,0.00699300000000847,111.283391,489.260406494141,489.280426025391,489.300415039063,489.260406494141,489.280426025391,489.300415039063,3,3.78155493736267,-0.637487053871155,2.146888256073,-0.632219851016998,06-ab-b9-0b-bc-5a-13-40-73-24-32-9e-45-55-fd-bf-9a-e5-89-b6-51-b5-08-c0,-3.08853476150825,4.83860796280601,-1.83331834597837
111.309694,590,788,590,788,2,111.310659,0.0272680000000065,111.283391,489.260406494141,489.280426025391,489.300415039063,489.260406494141,489.280426025391,489.300415039063,3,3.76969957351685,-0.637487053871155,2.13635158538818,-0.632219851016998,6d-91-64-e2-2e-66-13-40-89-ab-63-04-d7-52-fd-bf-9a-e5-89-b6-51-b5-08-c0,-3.08853476150825,4.84978822459048,-1.83272458757958
111.329691,730,1208,730,1208,2,111.330452,0.0070609999999931,111.323391,489.300415039063,489.320404052734,489.340393066406,489.300415039063,489.320404052734,489.340393066406,3,3.75916171073914,-0.616413056850433,2.12581491470337,-0.60587739944458,b6-8c-45-47-f5-70-13-40-35-b6-83-0c-8d-50-fd-bf-9a-e5-89-b6-51-b5-08-c0,-3.08853476150825,4.86031066286085,-1.83216576469876
111.349707,730,1208,730,1208,2,111.350597,0.0272059999999925,111.323391,489.300415039063,489.320404052734,489.340393066406,489.300415039063,489.320404052734,489.340393066406,3,3.74862360954285,-0.590070605278015,2.11396098136902,-0.584803402423859,34-2a-69-21-68-7c-13-40-53-97-77-78-1f-4e-fd-bf-3d-58-15-2b-ad-b5-08-c0,-3.08870919855965,4.87149097637535,-1.83157298142892
111.369703,779,788,779,788,2,111.370241,0.00684899999998834,111.363392,489.340423583984,489.360412597656,489.380401611328,489.340423583984,489.360412597656,489.380401611328,3,3.73940300941467,-0.590070605278015,2.10474133491516,-0.584803402423859,d2-bd-ab-ba-d5-85-13-40-f3-3d-09-bf-1e-4c-fd-bf-b2-e5-3f-1e-f6-b4-08-c0,-3.08836005814074,4.88069812463023,-1.83108400939443
111.3897,779,788,779,788,2,111.390238,0.0268459999999919,111.363392,489.340423583984,489.360412597656,489.380401611328,489.340423583984,489.360412597656,489.380401611328,3,3.73149919509888,-0.563728094100952,2.09683847427368,-0.563729405403137,5f-42-e8-98-ea-8d-13-40-aa-4a-b9-14-65-4a-fd-bf-10-73-b4-a9-9a-b4-08-c0,-3.08818562108934,4.88859023015593,-1.83066280455811
111.409697,647,788,647,788,2,111.410959,0.00750899999999888,111.40345,489.380432128906,489.400451660156,489.420471191406,489.380432128906,489.400451660156,489.420471191406,3,3.72359585762024,-0.532117187976837,2.09025311470032,-0.521581470966339,a4-7c-76-f1-52-95-13-40-4f-34-03-eb-ce-48-fd-bf-28-73-6a-11-3f-b4-08-c0,-3.08801091772184,4.89582421575247,-1.83027545739903
111.429787,647,788,647,788,2,111.430362,0.0269119999999958,111.40345,489.380432128906,489.400451660156,489.420471191406,489.380432128906,489.400451660156,489.420471191406,3,3.71700978279114,-0.532117187976837,2.08235049247742,-0.521581470966339,6c-7f-e8-40-bb-9c-13-40-5b-d4-53-1b-36-47-fd-bf-fb-8d-09-90-2c-b3-08-c0,-3.08748734025153,4.90305806559614,-1.8298855845908
111.449877,868,1200,868,1200,2,111.45047,0.00700499999999238,111.443465,489.420471191406,489.440490722656,489.460479736328,489.420471191406,489.440490722656,489.460479736328,3,3.71042323112488,-0.500506222248077,2.07576513290405,-0.489970535039902,d3-a4-aa-27-77-a3-13-40-92-cd-ec-a2-bd-45-fd-bf-89-c3-91-25-63-b1-08-c0,-3.08661488867842,4.90963422755268,-1.82952655451377
111.469781,868,1200,868,1200,2,111.470986,0.027520999999993,111.443465,489.420471191406,489.440490722656,489.460479736328,489.420471191406,489.440490722656,489.460479736328,3,3.70647168159485,-0.463626801967621,2.07181358337402,-0.489970535039902,96-91-2c-73-81-a7-13-40-79-25-23-de-d8-44-fd-bf-5c-de-30-a4-50-b0-08-c0,-3.08609131120811,4.91357974967504,-1.82930838367824
111.489796,668,782,668,782,2,111.490687,0.00721099999999808,111.483476,489.460479736328,489.480499267578,489.50048828125,489.460479736328,489.480499267578,489.50048828125,3,3.70251989364624,-0.463626801967621,2.06917953491211,-0.453091084957123,7c-a6-9a-52-df-aa-13-40-8e-26-8c-1f-18-44-fd-bf-48-f9-85-8a-e2-ae-08-c0,-3.08539303037029,4.91686753338729,-1.82912456820705
111.509682,668,782,668,782,2,111.510257,0.0267809999999997,111.483476,489.460479736328,489.480499267578,489.50048828125,489.460479736328,489.480499267578,489.50048828125,3,3.69988560676575,-0.410941869020462,2.06654524803162,-0.405674666166306,44-93-e4-c8-90-ad-13-40-5c-5b-dc-3e-7c-43-fd-bf-1b-14-25-09-d0-ad-08-c0,-3.08486945289998,4.91949762244332,-1.82897591166485
111.529734,673,773,673,773,2,111.530439,0.00696700000000305,111.523472,489.500518798828,489.5205078125,489.540496826172,489.500518798828,489.5205078125,489.540496826172,3,3.69856834411621,-0.352988481521606,2.0639111995697,-0.405674666166306,b0-29-ae-d9-95-af-13-40-a2-f4-05-42-06-43-fd-bf-ee-2e-c4-87-bd-ac-08-c0,-3.08434587542967,4.92147007108217,-1.82886338987672
111.549805,673,773,673,773,2,111.550918,0.0274459999999976,111.523472,489.500518798828,489.5205078125,489.540496826172,489.500518798828,489.5205078125,489.540496826172,3,3.69725108146668,-0.352988481521606,2.06259393692017,-0.34772127866745,0d-30-de-98-ee-b0-13-40-a2-fa-9d-3a-b7-42-fd-bf-ee-2e-c4-87-bd-ac-08-c0,-3.08434587542967,4.92278517585875,-1.82878802201564
111.569747,902,1175,902,1175,2,111.570452,0.00697100000000717,111.563481,489.540496826172,489.560516357422,489.580505371094,489.540496826172,489.560516357422,489.580505371094,3,3.69725108146668,-0.289766609668732,2.06259393692017,-0.284499406814575,0d-30-de-98-ee-b0-13-40-a2-fa-9d-3a-b7-42-fd-bf-91-a1-4f-fc-18-ad-08-c0,-3.08452031248107,4.92278517585875,-1.82878802201564
111.589799,902,1175,902,1175,2,111.590708,0.0272270000000106,111.563481,489.540496826172,489.560516357422,489.580505371094,489.540496826172,489.560516357422,489.580505371094,3,3.69593334197998,-0.289766609668732,2.06127691268921,-0.284499406814575,43-4e-cd-61-47-b2-13-40-30-6e-99-ac-68-42-fd-bf-1b-14-25-09-d0-ad-08-c0,-3.08486945289998,4.92410042586886,-1.82871310636154
111.609685,678,774,678,774,2,111.610427,0.00694500000000176,111.603482,489.580505371094,489.600524902344,489.620483398438,489.580505371094,489.600524902344,489.620483398438,3,3.69593334197998,-0.226544737815857,2.06127691268921,-0.2212775349617,43-4e-cd-61-47-b2-13-40-30-6e-99-ac-68-42-fd-bf-be-86-b0-7d-2b-ae-08-c0,-3.08504388995138,4.92410042586886,-1.82871310636154
111.629756,678,774,678,774,2,111.630683,0.0272010000000051,111.603482,489.580505371094,489.600524902344,489.620483398438,489.580505371094,489.600524902344,489.620483398438,3,3.69198179244995,-0.173859819769859,2.06259393692017,-0.152787163853645,67-9f-7f-24-a0-b3-13-40-3d-98-9c-9b-1a-42-fd-bf-be-86-b0-7d-2b-ae-08-c0,-3.08504388995138,4.92541558293292,-1.82863865648098
111.64979,690,1175,690,1175,2,111.650884,0.00740600000000313,111.643478,489.620513916016,489.640502929688,489.660491943359,489.620513916016,489.640502929688,489.660491943359,3,3.68671274185181,-0.173859819769859,2.0639111995697,-0.152787163853645,1d-19-8b-48-a5-b5-13-40-50-57-21-82-a5-41-fd-bf-be-86-b0-7d-2b-ae-08-c0,-3.08504388995138,4.92738831852901,-1.82852698166012
111.669731,690,1175,690,1175,2,111.670343,0.0268650000000008,111.643478,489.620513916016,489.640502929688,489.660491943359,489.620513916016,489.640502929688,489.660491943359,3,3.68012666702271,-0.16332283616066,2.06654524803162,-0.100102253258228,c3-c4-4c-6f-aa-b7-13-40-f1-3e-1f-f5-2e-41-fd-bf-da-49-19-6e-4f-ab-08-c0,-3.08364759459185,4.92936109453257,-1.82841392279437
111.689691,896,768,896,768,2,111.690489,0.00701700000000471,111.683472,489.660491943359,489.680511474609,489.700469970703,489.660491943359,489.680511474609,489.700469970703,3,3.67354011535645,-0.158054351806641,2.07181358337402,-0.0316118709743023,e0-ee-a8-e9-56-b8-13-40-cc-09-91-07-06-41-fd-bf-f9-cf-34-e7-f2-a5-08-c0,-3.0810297072403,4.9300190457686,-1.82837489085852
111.709725,896,768,896,768,2,111.710523,0.0270510000000002,111.683472,489.660491943359,489.680511474609,489.700469970703,489.660491943359,489.680511474609,489.700469970703,3,3.66563677787781,-0.158054351806641,2.08103322982788,-0.0316118709743023,7b-0d-58-b9-aa-b7-13-40-09-79-a8-7b-31-41-fd-bf-7e-c1-82-c2-f0-9b-08-c0,-3.07614280664001,4.92936219787532,-1.82841633132881
111.73,678,788,678,788,2,111.730798,0.00733499999999765,111.723463,489.700500488281,489.720489501953,489.740478515625,489.700500488281,489.720489501953,489.740478515625,3,3.65773344039917,-0.173859834671021,2.08893609046936,0.0526839792728424,f9-7c-4c-c9-aa-b7-13-40-53-77-dd-76-31-41-fd-bf-bd-6c-1b-b1-fa-74-08-c0,-3.05711878170913,4.92936243562075,-1.82841631347352
111.749904,678,788,678,788,2,111.750591,0.0271280000000047,111.723463,489.700500488281,489.720489501953,489.740478515625,489.700500488281,489.720489501953,489.740478515625,3,3.64851260185242,-0.205470770597458,2.09815573692322,0.0526839792728424,95-46-21-f1-aa-b7-13-40-81-7a-32-68-31-41-fd-bf-4a-41-05-43-f4-56-08-c0,-3.04245807990825,4.92936302915191,-1.82841625883125
111.769716,657,1198,657,1198,2,111.770439,0.00696200000000147,111.763477,489.740478515625,489.760498046875,489.780487060547,489.740478515625,489.760498046875,489.780487060547,3,3.64324355125427,-0.205470770597458,2.10605812072754,0.131711333990097,94-1c-03-d0-53-b6-13-40-93-0d-95-a1-c6-41-fd-bf-58-44-8a-27-6c-31-08-c0,-3.02413206949909,4.9280540944957,-1.82855857008039
111.789879,657,1198,657,1198,2,111.790399,0.026921999999999,111.763477,489.740478515625,489.760498046875,489.780487060547,489.740478515625,489.760498046875,489.780487060547,3,3.63929200172424,-0.231813222169876,2.11132669448853,0.184396252036095,e2-a8-f5-99-a8-b5-13-40-7c-47-e9-b9-1e-42-fd-bf-86-cd-2a-85-87-06-08-c0,-3.00318817173838,4.92740097581756,-1.82864258405286
111.809747,831,783,831,783,2,111.810767,0.00728300000000104,111.803484,489.780517578125,489.800506591797,489.820495605469,489.780517578125,489.800506591797,489.820495605469,3,3.63402271270752,-0.231813222169876,2.11659526824951,0.184396252036095,66-57-b1-b1-a8-b5-13-40-7e-b2-a5-ab-1e-42-fd-bf-43-e4-ab-3d-90-da-07-c0,-2.98172043019125,4.92740132946878,-1.82864253091535
111.829706,831,783,831,783,2,111.830541,0.0270569999999992,111.803484,489.780517578125,489.800506591797,489.820495605469,489.780517578125,489.800506591797,489.820495605469,3,3.62875366210938,-0.252887159585953,2.12186336517334,0.221275687217712,cf-80-3a-d1-a8-b5-13-40-0e-1a-f0-95-1e-42-fd-bf-ce-fa-c0-26-50-af-07-c0,-2.96060209537914,4.92740179938865,-1.82864245004169
111.849889,609,778,609,778,2,111.851336,0.00785700000000134,111.843479,489.820526123047,489.840515136719,489.860504150391,489.820526123047,489.840515136719,489.860504150391,3,3.62348484992981,-0.279229611158371,2.12713193893433,0.263423621654511,ee-13-15-d9-a8-b5-13-40-81-ef-d9-8f-1e-42-fd-bf-9e-f6-ec-f8-c6-84-07-c0,-2.93983263466983,4.9274019164195,-1.82864242736738
111.869811,609,778,609,778,2,111.870442,0.026962999999995,111.843479,489.820526123047,489.840515136719,489.860504150391,489.820526123047,489.840515136719,489.860504150391,3,3.61821603775024,-0.279229611158371,2.13371729850769,0.263423621654511,78-16-64-27-00-b5-13-40-b0-85-66-d6-af-42-fd-bf-12-65-a4-3f-99-5a-07-c0,-2.91923761101192,4.92675839947116,-1.82878097295939
111.889808,580,1163,580,1163,2,111.890476,0.00699900000000753,111.883477,489.860504150391,489.880493164063,489.900482177734,489.860504150391,489.880493164063,489.900482177734,3,3.61558103561401,-0.305572032928467,2.13766884803772,0.295034557580948,10-77-86-3c-58-b4-13-40-66-02-70-dc-4e-43-fd-bf-54-d3-ef-b6-22-31-07-c0,-2.89899199408903,4.92611784525595,-1.8289326296655
111.909768,580,1163,580,1163,2,111.910325,0.0268480000000011,111.883477,489.860504150391,489.880493164063,489.900482177734,489.860504150391,489.880493164063,489.900482177734,3,3.61426377296448,-0.284498065710068,2.14030289649963,0.295034557580948,f7-bc-c2-20-b1-b3-13-40-65-ac-19-7b-fb-43-fd-bf-52-b4-7c-0a-ac-07-07-c0,-2.87874611085002,4.92548037708843,-1.82909725271272
111.929728,657,730,657,730,2,111.930247,0.00677699999999959,111.92347,489.900512695313,489.920501708984,489.940490722656,489.900512695313,489.920501708984,489.940490722656,3,3.61426377296448,-0.284498065710068,2.14162015914917,0.295034557580948,b4-ff-e2-4e-0b-b3-13-40-cc-19-f5-bd-bb-44-fd-bf-5e-98-8e-42-ad-b8-06-c0,-2.84017421720186,4.92484782467357,-1.82928060724372
111.949873,657,730,657,730,2,111.95043,0.0269600000000025,111.92347,489.900512695313,489.920501708984,489.940490722656,489.900512695313,489.920501708984,489.940490722656,3,3.61426377296448,-0.242350146174431,2.14557123184204,0.289766073226929,6e-cc-6d-10-1e-b1-13-40-93-8a-cc-ea-32-47-fd-bf-7e-bd-0b-b8-13-97-06-c0,-2.82376807962254,4.92296624822767,-1.82988254278522
111.969703,550,1006,550,1006,2,111.970445,0.00697200000000464,111.963473,489.940490722656,489.960510253906,489.98046875,489.940490722656,489.960510253906,489.98046875,3,3.61162948608398,-0.200202226638794,2.14820551872253,0.289766073226929,6e-cc-6d-10-1e-b1-13-40-93-8a-cc-ea-32-47-fd-bf-38-77-56-cb-1f-7a-06-c0,-2.80963095529196,4.92296624822767,-1.82988254278522
111.989811,550,1006,550,1006,2,111.990386,0.0269130000000075,111.963473,489.940490722656,489.960510253906,489.98046875,489.940490722656,489.960510253906,489.98046875,3,3.60899496078491,-0.200202226638794,2.15083980560303,0.258155137300491,09-29-fa-17-1e-b1-13-40-05-e9-32-e0-32-47-fd-bf-ba-aa-cf-fd-e3-62-06-c0,-2.79828642168044,4.92296636070592,-1.82988250329669
